point_id,site,location,longitude,latitude,Ve_kriging_mm,Vn_kriging_mm,V_horiz_mm,interp_method,epsilon_xx,epsilon_yy,epsilon_xy,dilatation,max_shear,second_inv,lambda1,lambda2,principal_az,strain_class
1,,,125.7985275,8.92023413,-39.5770273,22.16600467,45.36157904,Ordinary Kriging,-158.241333,-380.41760878,325.43970215,-500.0,343.87726607,500.0,74.54779517,-500.0,54.42361393,Very High
2,,,125.32368178,7.52179755,-24.86336994,5.18283543,25.39781384,Ordinary Kriging,175.20519656,-33.47789604,37.92481277,141.72730052,111.02004192,186.26382706,181.88369218,-40.15639166,80.01270702,High
3,,,124.43842568,6.38336022,21.17400284,9.90412489,23.37584407,Ordinary Kriging,232.37445364,102.38688958,78.22765883,334.76134322,101.70426888,276.98392566,269.08494049,65.67640273,64.86038719,Very High
4,,,123.89367022,10.25057509,-33.19851588,22.19076574,39.93208661,Ordinary Kriging,6.34306583,97.28075138,-104.4344108,103.62381721,113.90330032,176.96573508,165.71520892,-62.09139171,146.76371645,High
5,,,125.23490351,6.36576906,-12.43417418,5.95135385,13.785039,Ordinary Kriging,230.24742639,3.87128055,-67.33471261,234.11870694,131.70232866,249.1922776,248.76168213,-14.64297519,105.37404392,Very High
6,,,125.61752537,8.62599029,-33.08916479,17.77296514,37.56023318,Ordinary Kriging,26.38333899,106.89549551,-124.23693998,133.2788345,130.59620627,207.34599598,197.23562352,-63.95678902,143.97685283,Very High
7,,,123.29685018,8.34533181,-4.48829557,7.16738667,8.45672684,Ordinary Kriging,-64.2799472,14.47384816,36.16747509,-49.80609904,53.46612316,83.41208786,28.56307364,-78.36917268,21.28365621,High
8,,,123.7103419,10.43479802,-32.57055492,21.99641061,39.30245702,Ordinary Kriging,6.34306583,97.28075138,-104.4344108,103.62381721,113.90330032,176.96573508,165.71520892,-62.09139171,146.76371645,High
9,,,126.16260482,7.83581657,-30.58818672,12.28005135,32.96114118,Ordinary Kriging,25.32732501,-62.0001373,28.36787516,-36.67281229,52.06973938,78.07024464,33.73333323,-70.40614553,73.49431685,Moderate
10,,,122.93667318,10.44192999,-24.82486559,18.49385093,30.95636403,Ordinary Kriging,-63.18757928,70.19336441,-61.18414034,7.00578513,90.5047958,128.08894035,94.00768837,-87.00190324,158.7328279,High
11,,,125.98953902,7.18947368,-30.53263186,6.82059749,31.28517474,Ordinary Kriging,-14.25020663,-45.13673662,17.57128163,-59.38694325,23.39325484,53.45926728,-6.30021678,-53.08672646,65.65599564,Moderate
12,,,122.23943086,7.31596161,8.59945247,2.78389955,9.03884282,Ordinary Kriging,108.72263093,-27.11448313,29.27741896,81.6081478,73.9601085,119.45769207,114.76418241,-33.1560346,78.34037077,High
13,,,124.52619541,7.44118525,-17.61177941,3.1868195,17.89778178,Ordinary Kriging,-70.57175465,-34.05184098,55.58407195,-104.62359563,58.50653876,110.99134442,6.19474095,-110.81833658,35.90704998,High
14,,,125.74299292,8.3255322,-30.52700855,14.84924269,33.94699191,Ordinary Kriging,-17.08599247,-342.16194582,134.89850744,-359.24793828,211.22547472,392.1249073,31.60150558,-390.84944386,70.1544997,Very High
15,,,124.93525358,8.3948943,-20.53593949,11.27690045,23.42847188,Ordinary Kriging,122.50665267,-75.23765111,86.19622439,47.26900155,131.16970503,188.48915696,154.80420581,-107.53520425,69.45912618,High
16,,,126.29109905,7.39543505,-30.79367578,9.85412282,32.33193784,Ordinary Kriging,56.21238946,-39.90529231,-45.36637444,16.30709714,66.08903175,94.17261249,74.24258032,-57.93548318,111.67461108,High
17,,,122.74458013,7.5287489,4.9577621,3.84313251,6.27288391,Ordinary Kriging,346.00744241,-18.83392734,16.7793311,327.17351507,183.19075365,347.33119487,346.77751119,-19.60399611,87.37231762,Very High
18,,,122.8202813,9.95731346,-19.24624516,15.77052074,24.88226833,Ordinary Kriging,66.6696483,-120.7603248,108.76463166,-54.0906765,143.56964792,206.60926468,116.52430967,-170.61498617,65.37460457,Very High
19,,,125.10388239,8.02274364,-20.30020543,8.05194762,21.83877746,Ordinary Kriging,-108.9217655,-81.83886859,147.73499709,-190.76063408,148.35430628,249.42495894,52.97398924,-243.73462333,42.38144009,Very High
20,,,125.11874395,7.49290175,-22.40430599,4.45550779,22.84304,Ordinary Kriging,-68.45374844,66.27839232,-73.80557034,-2.17535612,99.92722177,141.32680351,98.83954371,-101.01489983,156.19414072,High
21,,,125.31718633,7.18924397,-25.92498767,3.93523617,26.22195777,Ordinary Kriging,-113.58064036,32.14060759,-21.86477508,-81.44003277,76.07061795,122.0234293,35.35060156,-116.79063433,171.64800154,High
22,,,123.3623316,8.09086315,-4.00200194,5.9831711,7.19821895,Ordinary Kriging,21.03082141,-28.03189876,-52.09432917,-7.00107735,57.58130564,81.58260268,54.08076696,-61.08184431,122.39206371,High
23,,,124.90775208,6.16813264,7.95442298,8.99952123,12.01100442,Ordinary Kriging,500.0,-41.87133572,-293.84538089,500.0,500.0,500.0,500.0,-96.53621588,100.53842462,Very High
24,,,122.64839376,9.91996723,-17.59709938,15.03265961,23.14387093,Ordinary Kriging,-243.95303786,-96.89135202,160.04855761,-340.84438988,176.13155781,346.60077952,5.70936287,-346.55375274,32.66230457,Very High
25,,,123.825813,7.81862281,-8.56462449,4.87147316,9.85312354,Ordinary Kriging,47.52416755,-35.57542818,44.44830737,11.94873936,60.84437304,86.46075206,66.81874272,-54.87000336,66.53480711,High
26,,,122.89693107,10.3188907,-23.38668907,17.79722588,29.38840715,Ordinary Kriging,-500.0,-154.37062184,303.21926378,-500.0,373.35713845,500.0,1.14797341,-500.0,27.15290379,Very High
27,,,125.70282108,8.99990123,-40.39965657,22.86549936,46.42158239,Ordinary Kriging,-13.62096171,-239.17323194,219.38820029,-252.79419365,246.6771961,391.98434959,120.28009928,-373.07429292,58.60267686,Very High
28,,,125.02904893,7.43819845,-21.65964896,4.0467351,22.034438,Ordinary Kriging,393.36445776,-19.47997439,-164.24986806,373.88448338,263.7956604,457.242938,450.73790209,-76.85341871,109.25460846,Very High
29,,,124.06274308,6.96945601,-2.50889201,3.97504539,4.70058772,Ordinary Kriging,384.51192858,-34.22162752,-210.87616899,350.29030106,297.15855431,487.80945081,472.30370484,-122.01340378,112.60289448,Very High
30,,,123.04513952,9.2620929,-12.91854967,12.4583729,17.94714409,Ordinary Kriging,-294.68864905,45.09585055,42.33810041,-249.5927985,175.08823858,304.07246687,50.29183933,-299.88463783,6.99669861,Very High
31,,,125.85295841,9.1423241,-44.02921522,25.01244483,50.63787308,Ordinary Kriging,52.71945389,85.41408745,-93.26087734,138.13354134,94.6827651,165.74103185,163.74953577,-25.61599443,139.97106941,High
32,,,123.93563429,8.23138664,-11.06407148,7.34437549,13.2798166,Ordinary Kriging,42.05837027,15.53041449,85.75514004,57.58878476,86.77486476,129.2980602,115.56925713,-57.98047238,49.39620919,High
33,,,122.65524911,9.64875183,-14.82507149,13.64440701,20.14826512,Ordinary Kriging,-35.11022771,47.39067535,-41.39668632,12.28044765,58.4404431,83.10219898,64.58066692,-52.30021927,157.44931084,High
34,,,124.2281689,7.58777605,-14.31050741,3.61538764,14.76013719,Ordinary Kriging,152.06623064,-33.94470272,13.89021159,118.12152792,94.0369864,157.04221502,153.09775035,-34.97622244,85.75287696,High
35,,,126.12300993,6.90813335,-28.73550589,7.18372363,29.61984443,Ordinary Kriging,19.72343437,-9.58200265,-4.69528152,10.14143172,15.38661198,22.91113213,20.45732784,-10.31589612,98.88370544,Moderate
36,,,125.16788858,6.58818854,-15.29414268,5.07610053,16.1145151,Ordinary Kriging,91.15332023,51.21454534,-44.65818545,142.36786557,48.91962758,122.14976258,120.10356037,22.26430521,122.95384048,High
37,,,122.74364946,9.62006803,-15.09481189,13.73364768,20.40750903,Ordinary Kriging,-302.00015075,-30.60950365,108.03424531,-332.6096544,173.44918274,339.82911748,7.14435554,-339.75400994,19.26257847,Very High
38,,,125.08842034,6.29366191,-6.07126184,6.77218029,9.09519908,Ordinary Kriging,-500.0,-30.85462547,-93.70091719,-500.0,342.9274978,500.0,-17.80499426,-500.0,172.0714729,Very High
39,,,125.50736661,8.04192151,-26.15185691,10.37818238,28.13585416,Ordinary Kriging,-75.21780799,-59.75458416,118.9988049,-134.97239215,119.24971024,193.77760475,51.76351416,-186.73590631,43.14129661,High
40,,,124.44008531,6.55156163,9.1151265,7.41662826,11.75125124,Ordinary Kriging,106.26247989,-66.24894749,-227.72472957,40.0135324,243.5130399,345.53978439,263.5198061,-223.50627371,124.62736181,Very High
41,,,124.1933542,7.94923158,-13.3064204,5.67163205,14.46472377,Ordinary Kriging,4.15273423,39.48713414,-78.26038744,43.63986837,80.22978373,117.58339785,102.04971791,-58.40984954,141.36061032,High
42,,,125.78647708,8.30724159,-30.71137232,14.87999012,34.1262728,Ordinary Kriging,-17.08599247,-342.16194582,134.89850744,-359.24793828,211.22547472,392.1249073,31.60150558,-390.84944386,70.1544997,Very High
43,,,125.10229983,6.55975477,-12.98726105,5.31187292,14.03156953,Ordinary Kriging,-115.5547905,164.99962995,-9.50294151,49.44483945,140.59872548,201.88709539,165.3211452,-115.87630575,178.06223759,Very High
44,,,125.63009559,9.01177873,-40.05426849,22.77026136,46.07417092,Ordinary Kriging,-13.62096171,-239.17323194,219.38820029,-252.79419365,246.6771961,391.98434959,120.28009928,-373.07429292,58.60267686,Very High
45,,,122.6272552,7.74513982,3.46101393,4.30106755,5.5206702,Ordinary Kriging,-29.322026,-68.65439639,73.55038401,-97.9764224,76.13420931,128.03329773,27.14599812,-125.12242051,52.48488704,High
46,,,126.15289857,6.45205638,-23.30187737,7.45588746,24.46564421,Ordinary Kriging,-158.74978641,-28.20494759,46.19109825,-186.954734,79.96315585,173.9662291,-13.51421115,-173.44052285,17.64288001,High
47,,,126.42228465,8.04446876,-31.93364726,15.65150316,35.56300576,Ordinary Kriging,5.29836863,-91.35906966,24.46381907,-86.06070103,54.16773521,97.83409021,11.13738469,-97.19808573,76.57581781,High
48,,,122.42386739,7.86893637,3.17836797,4.57388381,5.56977881,Ordinary Kriging,92.23961946,-61.83808303,79.2274402,30.40153644,110.50779105,157.75319481,125.70855926,-95.30702283,67.09879795,High
49,,,123.4649848,10.23209657,-27.99696807,19.81480789,34.29951651,Ordinary Kriging,40.11488935,-43.69141844,41.91161316,-3.57652909,59.26599045,83.85291306,57.47772591,-61.054255,67.49710862,High
50,,,122.86588189,7.57639239,3.81652013,4.05128622,5.56585537,Ordinary Kriging,346.00744241,-18.83392734,16.7793311,327.17351507,183.19075365,347.33119487,346.77751119,-19.60399611,87.37231762,Very High
51,,,124.18725865,8.30098067,-13.83562254,8.26115053,16.11431225,Ordinary Kriging,54.59651706,-24.27457079,-86.00408728,30.32194627,94.61429677,135.51177263,109.77526991,-79.45332363,122.68353724,High
52,,,124.45421418,7.1408812,-15.15033478,2.77973263,15.40323205,Ordinary Kriging,-174.17091059,46.53801901,71.50096853,-127.63289158,131.49333216,206.70285511,67.67688637,-195.30977794,16.47002356,Very High
53,,,124.21386014,7.07538669,-10.09448725,2.96839208,10.52188312,Ordinary Kriging,131.24869765,56.36183409,-5.01279774,187.61053174,37.77748965,143.01445122,131.58275552,56.02777622,93.81261098,High
54,,,124.6793622,6.59913803,-2.85041253,5.84267292,6.50089828,Ordinary Kriging,-500.0,108.12792927,250.07982067,-500.0,485.77464017,500.0,177.44478727,-500.0,15.49225266,Very High
55,,,123.19627599,8.28690368,-3.52401182,6.77554098,7.63718632,Ordinary Kriging,-64.2799472,14.47384816,36.16747509,-49.80609904,53.46612316,83.41208786,28.56307364,-78.36917268,21.28365621,High
56,,,124.40639177,7.48405326,-16.61130031,3.19883072,16.91649538,Ordinary Kriging,39.74640218,-135.3010049,-50.477926,-95.55460272,101.03672449,158.05752257,53.25942313,-148.81402585,104.98676282,High
57,,,124.6574622,6.94767061,-14.20489286,3.48371158,14.62584109,Ordinary Kriging,290.73820113,31.38365906,67.23531795,322.12186019,146.07115596,307.49766115,307.13208605,14.98977414,76.29703904,Very High
58,,,126.10560009,8.17943245,-31.39745188,15.30016397,34.92699532,Ordinary Kriging,-202.83217614,-89.93332024,148.6786233,-292.76549638,159.03418168,305.67885079,12.65143349,-305.41692987,34.60476275,Very High
59,,,123.01140193,8.37200599,-3.051908,7.04119286,7.67414746,Ordinary Kriging,-125.25567344,-70.76780701,102.77206774,-196.02348045,106.32182186,204.50247444,8.31008163,-204.33356209,37.57645505,Very High
60,,,123.12162823,7.31913159,4.96589444,3.90966011,6.32024918,Ordinary Kriging,-61.78466934,-6.08011185,-51.38302267,-67.86478119,58.44625266,95.57585031,24.51386206,-92.37864325,149.23000146,High
61,,,123.60803666,8.32799771,-7.65057505,7.50060992,10.71403042,Ordinary Kriging,414.73181123,101.06222997,-281.75515523,500.0,322.46413607,500.0,500.0,-64.56711547,120.44907756,Very High
62,,,125.40141442,8.80355356,-33.59747974,18.97090656,38.58349311,Ordinary Kriging,-143.60759865,-46.48181906,111.38629324,-190.08941771,121.51238861,218.16854616,26.46767976,-216.55709747,33.22173069,Very High
63,,,125.07571198,8.79765143,-28.77916466,17.03989112,33.44545123,Ordinary Kriging,-123.83722387,-59.00254067,122.53946042,-182.83976454,126.75489496,221.01763853,35.33501269,-218.17477723,37.59103673,Very High
64,,,125.92215767,8.03759547,-29.87871903,12.76192313,32.49006822,Ordinary Kriging,-88.44899287,-78.14643783,131.79543574,-166.5954307,131.8960672,220.6131543,48.59835185,-215.19378255,43.88085539,Very High
65,,,123.86665214,7.38322154,-6.84582876,3.49567997,7.68668653,Ordinary Kriging,-238.58090892,28.38108861,-8.84512812,-210.19982032,133.77373928,240.58846372,28.67382913,-238.87364944,178.10441679,Very High
66,,,124.54591631,6.83455338,-8.80305193,4.1511458,9.73271466,Ordinary Kriging,121.36253886,44.39703644,233.09383328,165.7595753,236.24914233,354.06981361,319.12892998,-153.36935468,49.68735686,Very High
67,,,124.60807548,6.36733998,16.15309597,9.51618221,18.74780609,Ordinary Kriging,500.0,-116.30055818,-500.0,500.0,500.0,500.0,500.0,-336.34007768,105.62517887,Very High
68,,,124.86369916,7.61086357,-19.29892921,4.40223465,19.79465429,Ordinary Kriging,-56.46635568,49.52771778,-37.3831565,-6.93863791,64.8551177,91.85012211,61.38579875,-68.32443665,162.40077258,High
69,,,123.45136582,7.76029539,-3.16591495,4.7155479,5.67973674,Ordinary Kriging,122.2322776,-16.25861975,-135.26072235,105.97365785,151.95524069,227.58734241,204.94206962,-98.96841177,121.44512619,Very High
70,,,125.41587853,8.98972816,-37.41244803,21.54529601,43.17280449,Ordinary Kriging,147.94097906,-113.97967256,49.47558437,33.9613065,139.99442983,199.43311144,156.97508308,-123.01377658,79.65195236,High
71,,,122.96800427,8.18531113,-1.62070211,6.13493475,6.34539989,Ordinary Kriging,113.04559843,67.13015702,-105.7516432,180.17575545,108.21491107,199.12956933,198.3027888,-18.12703335,128.87583091,High
72,,,124.48844953,8.17478974,-15.72872636,7.7424784,17.5310811,Ordinary Kriging,42.99239447,-78.8731648,28.31686167,-35.88077033,67.19113252,98.35146881,49.25074735,-85.13151768,77.53731249,High
73,,,125.37839835,7.39670585,-26.31086005,4.71363537,26.72975337,Ordinary Kriging,-134.98500477,49.39574437,-5.03624678,-85.5892604,92.32783407,143.91531759,49.53320387,-135.12246427,178.43655504,High
74,,,123.16342352,7.09499283,8.05581771,4.01604853,9.00138016,Ordinary Kriging,332.86574623,-13.11927628,-228.92487159,319.74646995,286.93728546,464.52654832,446.81052043,-127.06405048,116.46130834,Very High
75,,,124.4896728,7.79447956,-16.21836282,4.90549803,16.94400199,Ordinary Kriging,90.15272084,-68.6754686,3.55882626,21.47725224,79.49379651,113.44233579,90.23242264,-68.75517039,88.71704518,High
76,,,125.14676358,8.21317315,-22.16240991,10.30022028,24.43904562,Ordinary Kriging,-127.29701816,-199.44683139,253.53621279,-326.74384955,256.08984768,429.58676862,92.7179229,-419.46177245,49.04904312,Very High
77,,,124.93913356,6.76293607,-14.85972101,4.31221837,15.47276756,Ordinary Kriging,-493.61764532,-24.08374392,-77.31145206,-500.0,247.16913594,500.0,-11.68155868,-500.0,170.88634624,Very High
78,,,125.30087465,7.42032859,-25.1406643,4.61704387,25.56110513,Ordinary Kriging,-134.98500477,49.39574437,-5.03624678,-85.5892604,92.32783407,143.91531759,49.53320387,-135.12246427,178.43655504,High
79,,,123.75457359,7.23039903,-2.26642739,3.72390403,4.35937546,Ordinary Kriging,-325.45136581,-2.18260219,1.82022102,-327.633968,161.64463056,325.46886436,-2.17235344,-325.46161456,0.32260022,Very High
80,,,124.09208705,6.76975566,5.13344576,5.45578262,7.49118344,Ordinary Kriging,-335.48959855,-49.60918782,-117.27628131,-385.09878637,184.89355984,377.52058827,-7.65583335,-377.44295302,160.31629841,Very High
81,,,122.55337031,7.28339595,8.30872227,3.17030096,8.89301264,Ordinary Kriging,24.39254571,24.24183535,-61.50968373,48.63438106,61.50972989,93.53900391,85.82692042,-37.19253936,134.96490364,High
82,,,125.43469605,9.3396548,-45.34506546,26.48210568,52.5116833,Ordinary Kriging,-94.54442929,124.29500747,-78.4657545,29.75057818,134.64601516,191.57673984,149.52130425,-119.77072607,162.17769521,High
83,,,122.88583338,7.61951776,3.27038742,4.16184199,5.29304852,Ordinary Kriging,346.00744241,-18.83392734,16.7793311,327.17351507,183.19075365,347.33119487,346.77751119,-19.60399611,87.37231762,Very High
84,,,123.11037527,7.71455968,0.74620296,4.52231276,4.58346284,Ordinary Kriging,240.75850958,2.08567019,-111.4714447,242.84417977,163.30053291,287.7859898,284.7226228,-41.87844303,111.52417628,Very High
85,,,124.71701366,7.00882858,-16.2117163,3.32190256,16.5485583,Ordinary Kriging,290.73820113,31.38365906,67.23531795,322.12186019,146.07115596,307.49766115,307.13208605,14.98977414,76.29703904,Very High
86,,,123.65638904,6.62900791,15.6649093,6.17533027,16.83817352,Ordinary Kriging,403.11952159,-17.91829422,-164.19451175,385.20122737,266.97949036,465.55997394,459.58010405,-74.37887668,108.97624934,Very High
87,,,125.19006471,7.54169367,-22.98370688,4.8704385,23.49408337,Ordinary Kriging,419.75033573,-8.40114563,-184.90638563,411.3491901,282.87593428,494.61264287,488.55052933,-77.20133923,110.40928881,Very High
88,,,123.73687326,6.87721592,6.88491698,4.87767925,8.43764402,Ordinary Kriging,403.11952159,-17.91829422,-164.19451175,385.20122737,266.97949036,465.55997394,459.58010405,-74.37887668,108.97624934,Very High
89,,,125.75943658,8.17681108,-29.4580476,13.28278457,32.31422186,Ordinary Kriging,-7.73173948,67.1998163,-67.44426428,59.46807682,77.1518846,116.93182918,106.88592301,-47.41784619,149.52624459,High
90,,,124.9636607,8.27769017,-20.13390006,10.14147654,22.54381241,Ordinary Kriging,122.50665267,-75.23765111,86.19622439,47.26900155,131.16970503,188.48915696,154.80420581,-107.53520425,69.45912618,High
91,,,125.70660415,8.68373955,-34.82275691,18.90226132,39.62221449,Ordinary Kriging,36.10569171,119.78592708,-105.58525423,155.89161879,113.57306617,194.80446894,191.51887556,-35.62725677,145.80843323,High
92,,,125.90091251,8.65439755,-35.83548164,19.36917998,40.73508165,Ordinary Kriging,117.3273426,20.95354958,-64.12565956,138.28089219,80.2126998,149.76300274,149.3531459,-11.07225371,116.53857876,High
93,,,123.0925252,8.40931802,-3.64158782,7.2992997,8.1572629,Ordinary Kriging,-125.25567344,-70.76780701,102.77206774,-196.02348045,106.32182186,204.50247444,8.31008163,-204.33356209,37.57645505,Very High
94,,,125.67420771,8.0167092,-27.91045726,11.06706073,30.02454758,Ordinary Kriging,79.15829255,-129.85479235,53.18922578,-50.6964998,117.26342633,169.66581817,91.91517642,-142.61167623,76.51295549,High
95,,,123.94820392,7.41482345,-8.90774481,3.3724224,9.52476511,Ordinary Kriging,-238.58090892,28.38108861,-8.84512812,-210.19982032,133.77373928,240.58846372,28.67382913,-238.87364944,178.10441679,Very High
96,,,125.13699491,8.22905115,-22.14794374,10.42855487,24.48032207,Ordinary Kriging,-127.29701816,-199.44683139,253.53621279,-326.74384955,256.08984768,429.58676862,92.7179229,-419.46177245,49.04904312,Very High
97,,,122.65066246,8.10391014,0.42012995,5.58949988,5.60526699,Ordinary Kriging,-109.94577946,6.08925019,17.89904459,-103.85652927,60.7157955,112.9863044,8.78753086,-112.64406014,8.57278631,High
98,,,124.23060447,7.43764038,-14.67465943,2.96181679,14.97057074,Ordinary Kriging,152.06623064,-33.94470272,13.89021159,118.12152792,94.0369864,157.04221502,153.09775035,-34.97622244,85.75287696,High
99,,,125.52291867,7.83654391,-26.0592945,8.41933365,27.38561683,Ordinary Kriging,-101.81468328,77.83307963,57.97507425,-23.98160366,106.90855398,152.13952966,94.91775215,-118.89935581,16.41971621,High
100,,,126.07393284,7.40708599,-30.523921,8.38138262,31.65370954,Ordinary Kriging,-11.64075406,67.93308435,32.64372959,56.2923303,51.4646677,82.95563433,79.61083285,-23.31850255,19.68382046,High
101,,,126.312,7.124,-30.00963565,8.8215541,31.27935499,Ordinary Kriging,500.0,-500.0,500.0,500.0,500.0,500.0,500.0,-500.0,73.18716313,Very High
102,,,125.796,8.093,-29.2724462,12.59000777,31.86509693,Ordinary Kriging,105.22107626,-47.56212229,-79.07876597,57.65895397,109.9505692,160.74990769,138.78004619,-81.12109222,112.99510394,High
103,,,125.561,7.851,-26.49182435,8.75940615,27.9024005,Ordinary Kriging,-101.81468328,77.83307963,57.97507425,-23.98160366,106.90855398,152.13952966,94.91775215,-118.89935581,16.41971621,High
104,,,125.788,7.812,-28.61536259,9.67331122,30.20615709,Ordinary Kriging,139.37705454,89.46272075,-128.43244854,228.83977529,130.83483488,245.80343654,245.25472253,-16.41494724,129.50162755,Very High
105,,,125.608,7.632,-27.51682231,7.05241407,28.40619746,Ordinary Kriging,-16.36175403,-100.63893711,96.85967654,-117.00069115,105.62886839,170.76151949,47.12852282,-164.12921396,56.75567216,High
106,,,126.46,7.648,-31.50243771,12.53359688,33.90419786,Ordinary Kriging,42.36585171,54.31074926,-67.18517878,96.67660098,67.45011781,117.35509947,115.78841829,-19.11181732,137.53998707,High
107,,,126.085,7.616,-30.34160263,9.88422537,31.91098183,Ordinary Kriging,-46.75773741,93.26952823,19.40624291,46.51179082,72.65336224,107.88278561,95.90925765,-49.39746683,7.74610309,High
108,,,124.584,7.218,-17.26683319,2.90032773,17.50872438,Ordinary Kriging,-124.91786634,11.69036687,-19.84204894,-113.22749947,71.12776709,128.56341556,14.51401735,-127.74151682,171.90082436,High
109,,,124.412,6.858,-6.05850574,4.25424686,7.40297968,Ordinary Kriging,-500.0,133.17393611,268.69810904,-500.0,500.0,500.0,180.98479307,-500.0,10.08934212,Very High
110,,,126.069,8.461,-34.09777451,17.96618296,38.54143169,Ordinary Kriging,137.03495092,27.36661256,-73.72977427,164.40156348,91.88506801,174.35500705,174.08584975,-9.68428627,116.68057494,High
111,,,125.999,8.828,-39.13590322,21.66573217,44.73279414,Ordinary Kriging,-89.56591552,-164.39524163,144.54860567,-253.96115715,149.31227817,277.19388069,22.33169959,-276.29285674,52.25591661,Very High
112,,,126.061,9.016,-42.53543997,23.87348731,48.77711605,Ordinary Kriging,-151.85530967,-64.85872969,102.03365059,-216.71403937,110.91874091,219.29072392,2.56172122,-219.27576059,33.45540474,Very High
113,,,126.272,8.875,-40.95401823,22.74849888,46.84790082,Ordinary Kriging,500.0,-500.0,-335.41934312,500.0,500.0,500.0,500.0,-500.0,91.64557033,Very High
114,,,125.835,9.391,-48.75727188,27.96865687,56.20958395,Ordinary Kriging,-133.54955925,-68.77314498,108.026324,-202.32270423,112.77713703,214.25359647,11.61578492,-213.93848915,36.65516866,Very High
115,,,125.264,8.641,-28.90582017,16.09195,33.08318749,Ordinary Kriging,-123.83722387,-59.00254067,122.53946042,-182.83976454,126.75489496,221.01763853,35.33501269,-218.17477723,37.59103673,Very High
116,,,125.381,8.367,-26.90203351,13.3414534,30.02854951,Ordinary Kriging,-286.58501803,-306.8298198,308.44127663,-500.0,308.60732999,500.0,11.89991108,-500.0,45.93982682,Very High
117,,,125.24,8.265,-23.92614177,11.37136237,26.49090678,Ordinary Kriging,-127.29701816,-199.44683139,253.53621279,-326.74384955,256.08984768,429.58676862,92.7179229,-419.46177245,49.04904312,Very High
118,,,124.939,6.452,-4.23713414,6.53827524,7.79117121,Ordinary Kriging,-178.13847145,83.35958502,173.01687452,-94.77888643,216.8643522,313.92963091,169.47490898,-264.25379541,26.46081072,Very High
119,,,124.904,6.717,-12.9868917,4.56658774,13.76637496,Ordinary Kriging,-493.61764532,-24.08374392,-77.31145206,-500.0,247.16913594,500.0,-11.68155868,-500.0,170.88634624,Very High
120,,,124.9,6.917,-17.42454977,3.68134112,17.80918884,Ordinary Kriging,-132.21481171,36.65790979,59.00745311,-95.55690192,103.01154566,160.58741492,55.23309471,-150.78999662,17.47368275,High
121,,,124.678,6.866,-12.93578802,3.7831312,13.47763679,Ordinary Kriging,-370.71818045,33.66168791,162.80163662,-337.05649254,259.58648341,437.69147161,91.05823714,-428.11472968,19.42036278,Very High
122,,,124.732,7.499,-18.89499625,3.70774388,19.25534336,Ordinary Kriging,70.15384165,-27.14847902,39.86252879,43.00536263,62.89639579,94.00342448,84.3990771,-41.39371448,70.33519095,High
123,,,124.427,8.578,-17.57135635,11.35521323,20.92112405,Ordinary Kriging,28.97996756,68.49189634,-89.1120165,97.47186391,91.2756792,146.33140932,140.01161115,-42.53974725,141.25009375,High
124,,,123.638,8.406,-8.40726598,8.04396943,11.63561624,Ordinary Kriging,-77.77964238,51.45600613,-96.30611603,-26.32363625,115.97556293,165.06704488,102.8137448,-129.13738105,151.93007139,High
125,,,123.223,7.867,-1.42596856,5.02447705,5.22290685,Ordinary Kriging,240.75850958,2.08567019,-111.4714447,242.84417977,163.30053291,287.7859898,284.7226228,-41.87844303,111.52417628,Very High
126,,,121.941,7.186,10.25046973,2.32494847,10.51082846,Ordinary Kriging,67.39113678,1.96967546,-50.21859594,69.36081224,59.93245597,97.92476548,94.61286209,-25.25204985,118.46055546,High
127,,,122.176,7.812,4.41465276,4.26149569,6.13591921,Ordinary Kriging,-129.83266073,-30.50982977,70.20518878,-160.3424905,85.99432957,166.26757521,5.82308433,-166.16557482,27.36267775,High
128,,,122.291,7.56,6.26093388,3.49731236,7.17150519,Ordinary Kriging,-78.75538716,16.12689037,-8.60659962,-62.62849679,48.21550792,81.30580984,16.90125953,-79.52975632,174.85872001,High
129,,,123.03,8.277,-2.52368762,6.59560295,7.06193865,Ordinary Kriging,-127.90783889,16.05237814,25.0397187,-111.85546075,76.21104602,133.68645825,20.28331564,-132.13877639,9.59062566,High
130,,,121.927,6.581,16.80587884,2.45102294,16.98367089,Ordinary Kriging,168.4642111,3.13951334,79.2728073,171.60372444,114.53052824,202.38182457,200.33239046,-28.72866602,68.09955502,Very High
131,,,121.044,6.01,21.67849046,3.53581483,21.96494788,Ordinary Kriging,39.61325356,11.50147182,34.191059,51.11472538,36.96750713,63.55746017,62.52486982,-11.41014444,56.17374355,Moderate
132,,,121.497,6.143,21.13296385,3.286714,21.38702059,Ordinary Kriging,8.51199702,-12.65256921,-28.19789301,-4.14057218,30.11819859,42.69407385,28.0479125,-32.18848468,124.71478721,Moderate
133,,,121.966,6.174,21.63455175,3.4337527,21.90535293,Ordinary Kriging,-3.9409502,19.16645881,45.99124989,15.22550861,47.4202821,67.92108925,55.0330364,-39.80752779,37.94912052,Moderate
134,,,120.176,5.212,25.33508916,4.25443533,25.68982216,Ordinary Kriging,6.55369352,6.49224997,19.68868767,13.04594349,19.68871164,29.33238914,26.21168338,-13.16573989,45.04470147,Moderate
135,,,120.708,5.345,25.58999284,4.16272476,25.92635746,Ordinary Kriging,6.55369352,6.49224997,19.68868767,13.04594349,19.68871164,29.33238914,26.21168338,-13.16573989,45.04470147,Moderate
136,,,120.856,5.697,23.66985202,3.86038489,23.98258673,Ordinary Kriging,140.30996755,10.83457687,43.9841277,151.14454442,78.2660379,153.86189272,153.83831011,-2.69376569,72.90350105,High
137,,,126.087,9.958,-55.22683608,31.7299674,63.69296864,Ordinary Kriging,181.37270787,85.03187791,-131.81899436,266.40458579,140.34470476,273.64022725,273.54699765,-7.14241186,124.96312842,Very High
138,,,125.438,5.658,0.2251693,8.69726878,8.70018306,Ordinary Kriging,-371.62085011,-12.76021574,-38.62554773,-384.38106586,183.54065398,375.83074012,-8.64987895,-375.73118691,173.92573072,Very High
139,,,125.547,6.002,-10.58351484,7.20191345,12.80149772,Ordinary Kriging,428.01252365,-55.08847985,-167.63667197,372.9240438,294.02159561,492.3754346,480.48361751,-107.55957371,107.38037393,Very High
140,,,125.555,6.393,-18.56275271,5.82540272,19.45536186,Ordinary Kriging,144.86734439,30.21702038,-41.69862603,175.08436477,70.88687898,159.30212371,158.42906137,16.6553034,108.01617038,High
141,,,125.704,6.135,-15.20144969,6.88331228,16.68724246,Ordinary Kriging,500.0,-51.30812568,-229.4600091,500.0,446.88579997,500.0,500.0,-114.71638728,105.44743872,Very High
142,,,125.242,5.775,2.35330254,8.69618111,9.00897324,Ordinary Kriging,-371.62085011,-12.76021574,-38.62554773,-384.38106586,183.54065398,375.83074012,-8.64987895,-375.73118691,173.92573072,Very High
